sentence,target,gold,ls_dropout
"During the siege , George Robertson had appointed Shuja-ul-Mulk , who was a bright boy only 12 years old and the youngest surviving son of Aman-ul-Mulk , as the ruler of Chitral .",bright,intelligent;clever;smart,young;brave;pretty;brilliant;sharp;handsome;smart;mere;bright;good
"The actual field is not much different than that of a 40mm , only it is smaller and quite a bit noticeably brighter , which is probably the main benefit .",brighter,luminous;well-lit;clear;light,bright;lighter;sharper;clearer;darker;thinner;smaller;warmer;thicker;narrower
"The roses have grown out of control , wild and carefree , their bright blooming faces turned to bathe in the early autumn sun .",bright,colourful;brilliant;gleam;luminous,white;gorgeous;sweet;early;lovely;newly;red;pink;yellow;delicate
He was bright and independent and proud .,bright,intelligent;clever,smart;young;bold;independent;friendly;kind;sharp;big;pretty;spoiled
"In fact , during at least six distinct periods in Army history since World War I , lack of trust and confidence in senior leaders caused the so-called best and brightest to leave the Army in droves .",brightest,intelligent;clever;most;capable;promising;sharp;motivated,worst;best;finest;greatest;mighty;daring;smartest;allies;heroes;true
"An evening of classical symphonic music , played by the next generation stars in the American orchestral scene , can be savored at the New World Symphony , a special Miami institution that nurtures the best and brightest young symphonic musicians .",brightest,talented;up-and-coming;gifted;promising;most;skilled,best;youngest;promising;latest;worst;new;newest;greatest;hottest;emerging
"There are sound reasons for concluding that the long-run picture remains bright , and even recent signals about the current course of the economy have turned from unremittingly negative through the late fall of last year to a far more mixed set of signals recently .",bright,positive;promising;good;optimisitc;hopeful,bleak;unclear;murky;uncertain;positive;weak;mixed;fragile;poor;gloomy
Snow covered areas appear bright blue in the image which was taken in early spring and shows deep snow cover .,bright,shining;deep;vivid;luminous;vibrant,pale;deep;light;solid;dark;quite;brighter;mostly;uniformly;brightly
"She turns eyes bright with excitement towards Fiona , still tugging on the string of the minitiature airship-cum-dance card she has just received at the door .",bright,shining;alight,wide;pink;ful;blinking;full;lit;sharp;shiny;widening;round
A short excerpt : I was praying in private until someone got the bright idea of starting a Presidential Prayer Team .,bright,smart;intelligent;brilliant;great;clever,good;big;first;fat;right;new;wrong;bad;proper;white
"So , unlike studio films , independent films cannot be conceptually geared to a marketing campaign , or used to recruit merchandising tie-ins .",films,movie;picture;production,film;movies;filmmakers;docs;features;productions;releases;deals;projects;credits
The packed screening of about 100 high-level press people loved the film as well .,film,movie;picture,movie;films;clip;documentary;story;material;screen;set;short;scene
I think most filmmakers for the most part right now they’re thinking about the DVD when they go in to production because the reality is DVD is where the great majority of your audience is going to experience the film .,film,movie;picture,movie;films;magic;feature;genre;cinema;movies;content;flick;first
Dune makes the second Lynch film to be released in a consumer HD format ( Mulholland Drive on D-VHS being the first ) .,film,movie;picture,movie;roll;version;release;film;DVD;disc;documentary;R;cut
"Film Music Literature Cyberplace - Includes film reviews , message boards , chat room , and images from various films .",film,movie;picture,",;films;director;ir;cinema;audio;video;movie;music;un"
His feature film debut HEROES / DE STÃRSTE HELTE ( 1996 ) won awards at Rouen and Madrid .,film,movie;picture,film;min;documentary;theatrical;horror;feature;drama;cinema;movie;web
"( Some people keep their TVs on for company. ) In Malta , news is the main reason we turn to TV , followed by films , talk shows , documentaries , serials , and music , in that order .",films,movie;picture,movies;documentaries;docs;news;CNN;sports;film;books;newspapers;magazines
"The film shows Afghan mercenaries to be involved with the separatists , suggesting that the present struggle in Kashmir has been hijacked by foreign extremists , who are shown discussing the loss of Bangladesh in the 1971 war , providing it as a justification for their present acts of revenge .",film,documentary;movie;picture,documentary;films;evidence;case;tape;footage;video;also;film;programme
A fine score by George Fenton ( THE CRUCIBLE ) and beautiful photograhy by Roger Pratt add greatly to the effectiveness of the film .,film,movie;picture,movie;score;story;films;instrument;programme;feature;piece;sound;music
"The success of Autry ' s early films was not enough to save Mascot Pictures , which collapsed under the weight of debts held by Consolidated Film Laboratories , which did Mascot 's film processing .",films,movie;picture;production,movies;film;efforts;business;releases;successes;acquisitions;venture;filmmaking;pictures
That 's not to say the process of actual negotiating is n't taking place .,taking,happen;occur,.;p;I
""" Hugh Grant and Alan Rickman , as Edward and Col. Brandon respectively , took the most chances and the various reviewers therefore either love or hate their performances .",took,experiment;risk,taking;taken;take;ran;made;takes;ook;get;draw;got
It should n't take that long .,take,last;be;engage,take;took;go;Take;taking;last;takes;seem;quite;taken
"It only affects the start up time of a program , and for a process that takes several months ( his code was computing the 196 Palindrome Quest ) , it does not matter if the initialization code takes 1/1,000th of a second or 1/10,000th of a second .",takes,last;occupy,took;take;requires;waited;taken;lasts;lasted;spent;ran;runs
"If we take the factual context in which the term is used into consideration , then its extension becomes limited , owing to the context .",take,consider;accept;include;think,took;takes;taking;see;assume;put;accept;taken;Take;consider
"If you do n't take the risk of dying by driving to the store , your house could collapse on you and kill you anyway .",take,tolerate;run;undergo;accept;risk,took;taking;Take;taken;want;take;run;te;accept;ake
"The Governor took the big sheets of imitation parchment , glanced over them , signed his name to each , laid down the pen , and handed the papers across the table to Dreier .",took,pick;gather;collect;get;grasp,take;taken;wrote;takes;read;handed;collected;ook;grabbed;pulled
"O'Neill and the two men who worked under his supervision maintained the avenue , raking the thin gravel and removing any weed that tried to take root in the stony earth .",take,grow;establish,took;taken;dig;taking;takes;set;seek;retake;Take;assume
"Even if the Anglo-French Summit did not take place until next year , the Prime Minister and President Chirac were still due to see each other in November and December .",take,occur;happen,took;takes;taken;taking;place;take;occur;Take;conven;actually
"40 Day-to-day financial and operational management is the responsibility of the Chief Officer , who took up her post in June 2001 .",took,assume;begin;start,takes;taking;take;taken;picked;KE;ook;te;Taking;She
"Anyway , my pants are getting tight .",tight,constricting;small;too;uncomfortable;constricted;close-fitting,tighter;weird;Short;longer;bigger;old;shorter;w;cute;thin
"With the physical market has tight as it has been in memory , silver could fly at any time .",tight,high-strung;low;pressurised;constricted,tightened;closed;rallied;peaked;compressed;done;stabilized;faded;strengthened;grown
"More ... Specialty coffee market quiet , supplies tight Posted at 2:57 PM by Robert Badgett By Bruce Kamich NEW YORK , June 6 ( Reuters ) - Specialty coffee dealers said on Friday that business was unusually quiet with most retailers ' sales numbers down from a year ago , but prices for choice beans remained firm with supplies short until the next crops become available .",tight,scarce;sparse;constricted;not,short;firm;j;stal;tightening;tighter;stock;soft;plentiful;tighten
If your money is tight do n't cut corners .,tight,scarce;close;constricted;not,tight;spent;scarce;cheap;tighter;strict;close;slim;thin;short
"Each child lies inside an Isolette incubator , a clear acrylic rectangle with ample room for a half-sized premature baby , though the quarters become tight for the full-term eight-pounders .",tight,close-fitting;too;constricted;restricted;cramped,tighter;cramped;narrow;narrower;short;strict;stretched;thick;scant;squeezed
""" It can be intimidating at first , because they wrap their arms pretty tight around you , and everything they latch onto is pretty much headed straight to their mouth , "" Schmitz said .",tight,closely;close;firmly,tightly;firmly;much;close;thick;tighter;snug;wrapped;securely;shut
The incisions will feel tight for the first 24-48 hours .,tight,compressed;uncomfortable;constricted;stretched,painful;good;fine;hot;pain;closed;sharp;shut;sore;smooth
"Except for the soldiers , Goth was locked up tight .",tight,secure;securely;firmly,"!;,;:;.;I;In"
Nathan Robins : Did well to keep tight on the Left winger and was harshly judged by the referee on several occasions to have fouled the opposing player when I felt he just out muscled him .,tight,close;on;close;close;near,close;tabs;tape;pressure;score;vigil;control;tighter;watch;tightly
I know that the market is tight right now .,tight,close;pressured;low;constricted;restricted,In;How;Not;I;.
That 's not a very high bar .,bar,marker;level;barrier;pole;obstruction;hurdle,bar;standard;quality;ab;course;drink;class;cut;ale;ABV
"This more upright position is most easily and affordably achieved through slapping a riser bar on your setup , and only requires you to buy a bar instead of a bar and stem .",bar,handlebar,bar;bars;cord;stem;rack;tool;cap;bit;clamp;head
For twelve hours Livewire will be broadcasting live from the blue bar of Union House at UEA in an attempt to raise as much money as possible for a very worthy cause .,bar,pub;drinking;hostelry;saloon,bars;lawn;room;hall;bell;stage;walls;dome;chapel;aisle
"The British government imposed a colour bar in its colonies , so young blacks went in only for law or medicine where they could make a living without government support .",bar,restriction;ban;exclusion;prohibition,ban;law;limit;bars;curfew;restriction;code;test;cap;tax
Put granola bars in bowl .,bars,snack;biscuit;slab;block,bar;Crunch;cheese;tabs;sticks;Butter;Dough;bananas;strips;eggs
It 's been a criticism of IE 's scrollbar CSS and also stands for the status bar .,bar,banner;indicator;menu,bar;tab;ap;pad;pane;bars;border;key;trim;tabs
"2 ) Straddling the center bar , your child should be able to keep both feet flat on the ground with about a 1-inch clearance between the crotch and the bar .",bar,pole;apparatus;metal;crossbar;rod,"bar;,;band;arm;table;bars;weight;post;back;pad"
"Seventy-five percent of my clientele that comes in there , they are just like a person on a Friday afternoon going into a bar , and he sits at the counter , and the bartender knows what he wants to drink .",bar,prevent;obstruct;block;exclude,pub;drink;restaurant;bars;.;house;bar;club;kitchen;tavern
"The night is long at the numerous other discos and clubs , but for those seeking something more sedate there are quieter , sophisticated bars in the hotels .",bars,pub;saloon,bar;options;drinks;tabs;venues;nights;specials;beers;spirits;spots
Abstract : Analysis of contact between two chromosomal races of house mice in northern Italy show that natural selection will produce alleles that bar interracial matings if the resulting offspring are unfit hybrids .,bar,lounge;pub;drinking,prevent;preclude;enable;facilitate;allow;support;permit;promote;cause;avoid
"When Time magazine 's cover portrays millennium nuts as deranged , crazy Christians holding a cross as it did last month , boycott their magazine and the products it advertises .",cross,crucifix,crosses;nut;crucifix;pipe;knife;gun;skull;ah;small;Jesus
"Four-Set in a cross , the points meeting in water surrounded by luminous crescents .",cross,crucifix;x;two,circle;ux;glass;distance;ik;ave;pan;line;al;light
It was designed in the form of a cross with a cast iron sword placed where the cross members join .,cross,crucifix;x;two,sword;crucifix;shield;forearm;hand;crossed;stake;neck;slash;dagger
"Triticale , a cross between wheat and rye , matures later than rye but earlier than wheat .",cross,hybrid;hybrid;mixture,difference;crossing;transitional;crosses;cross;intermediate;crossed;spread;mix;work
"Old Nick got tired of cussing , was humiliated at being sat on , and hurting like the torments of Hell for being so close to the cross .",cross,crucifix,altar;crosses;face;crucifix;priest;head;table;neck;keyboard;chair
By 1924 he managed to transmit across a few feet the flickering image of a Maltese cross and on 26th January 1926 he gave the world 's first demonstration of true television in his attic workshop before some fifty scientists .,cross,crucifix,torch;crossing;crossed;pan;cake;razor;box;shot;crucifix;crosses
He appeared to his apostles and spoke to them about God 's kingdom. ' Acts 1:3 Jesus took the consequences of our self-centredness by giving up his life on the cross .,cross,crucifix,crucifix;crossing;sword;altar;crosses;stake;vine;throne;table;ground
"If power cycling occurs , care must be taken to account for the "" dead time "" between shutdown and power up when the latchup cross section is evaluated .",cross,right;transverse;sequence;segment,power;/;switch;line;cross;work;code;gap;x;lock
""" Mixed race people represent a diverse cross section of racial , ethnic , and cultural heritages , with many multiracial individuals identifying with multiple communities , "" the organizations stated .",cross,representative;mixture;sample;typical,ethnic;line;age;food;stream;range;across;demographic;crossing;broad
"I can only judge keyboards by going into somewhere like PC World and physically trying them , and I do not want to go into somewhere like PC World , as I do not want to get cross .",cross,angry;annoyed;irate;irritated,crossed;across;lost;crosses;hit;stuck;scared;confused;I;.
"Mr. Hall 's old factory is still on Oklahoma Avenue , but the metal fabrication plant where Mr. Larson worked finally closed last year after withering for decades .",finally,eventually;ultimately;at,Larson;mysteriously;quietly;abruptly;suddenly;reportedly;unexpectedly;Smith;formally;definitively
"Finally , this new rule will also have the effect of encouraging existing corporations to produce safer products , in keeping with the public policy goals that underlie product liability law generally. [ Fn .",Finally,lastly;in,"and;];:;,;.;...;I"
"However , this easy clearing method has muddled the issue quite a bit , since now Explorer is not actually being cleared at all , while Gecko browsers have finally been corrected so they do clear all previous floats .",finally,at;at;eventually,also;since;recently;mostly;generally;already;hopefully;supposedly;seemingly;basically
"Finally , Adam sees the ID card being used as an authenticator because it might be declared “trustworthy ; .",Finally,lastly;to;in;eventually,"and;;;,;But;.;Also;The;A;:;In"
"He said ,  OK , first , I d like to have a face like Clark Gable , then , I d like a build like Arnold Schwarzenegger , and finally , I d like sexual equipment like this here horse I m riding .",finally,lastly;also,",;maybe;last;eventually;third;next;first;also;Finally;later"
"Finally , I interviewed Eric Howes , a noted spyware researcher at the University of Illinois , who has found that today s most popular anti-spyware software packages are far less effective than many believe ( see sidebar , below ) .",Finally,lastly;at;eventually,",;By;A;Today;Last;Next;Previously;In;.;Earlier"
"However , you will get those NSF fees reimbursed by the bank as well - it will just come when they finally process everything together .",finally,eventually;at,eventually;final;actually;finish;ultimately;jointly;fully;dont;get;collectively
"Finally , the Army has conducted range characterization activities regarding the potential for contamination from munitions residues at 17 ranges throughout the United States , assessing the different types of ranges used by the Army .",Finally,lastly;at;eventually,",;Army;e;by;From;By;The;In;.;I"
"Finally , it is outlined how a mesoscopic theory should be constructed for a particular scanning tunneling microscopy experiment in order to overcome the failure of a corresponding reactiondiffusion model to quantitatively reproduce the experiments .",Finally,lastly;last;in,Here;Now;So;Thus;In;However;For;But;Next;And
"Finally , the proposed disposal rule would apply to transfer agents registered with the Commission .",Finally,lastly,"By;and;The;To;at;,;A;:;e;."
Up to sixty percent of the fatty acid content in the grasses on the plains contain omega-3 and are found in abundance in buffalo allowed to graze on the natural grasses .,found,discover;evident;present;exist;detect,find;seen;found;located;high;also;included;detected;noted;discovered
If you find yourself caught up in negative thoughts and find that you suddenly expect the worst it will be impossible to perform at your peak .,find,realise;discover;feel,catch;get;feel;finds;found;discover;see;manifest;sense;meet
"Search Customer Reviews 9 of 10 people found the following review helpful : Early feminist literature - memorable , November 21 , 2000 Reviewer : M. J. Smith ( Seattle , WA USA ) - See all my reviews This book consists of a gem of a story and a mediocre afterward .",found,believe;discover;think;felt,find;liked;gave;left;posted;leave;rated;Rate;wrote;read
Well they have a friend named Morgan and Morgan told them to find an object that he wants .,find,look;locate;discover;seek,found;get;find;pick;finding;locate;Find;seek;discover;make
"Consistent with previous findings , lack of congruence was found to be a precursor of intrusiveness .",found,discover;show;recognised;believe;see,shown;suspected;find;proved;reported;proven;suggested;found;noted;likely
"nokia mobile phone cases , motorola cell phone cases , motorola cell phone case , body glove cell phone case I think the best place where you can find CELL PHONE CARRYING CASE is eBay .",find,get;locate;discover;buy,locate;Google;obtain;get;make;buy;use;download;found;see
"Oh , and as far as the Kool-Aid jokes , find your own material .",find,get;discover;look;invent;locate;write;obtain,find;make;finding;found;write;Try;for;and;create;making
"But much that we once accepted as inevitable , we now find absolutely intolerable .",find,consider;perceive;see;believe;think;feel;realise,consider;deem;found;see;hold;regard;finding;know;count;accept
SpeedUpMyPC automatically finds the best settings for your PC and carefully controls your system resources to give you the best performance .,finds,discover;locate;determine;ascertail;calculate,determines;picks;makes;provides;make;decides;chooses;learns;find;gets
"If Bessler had indeed discovered some mechanical way of creating perpetual motion , perhaps the only way it is explainable is if he had found a way of extracting the energy from this Aether .",found,discover,discovered;devised;developed;fashioned;figured;uncovered;unearthed;invented;dug;learned
The Transcendental Meditation people advertised this :  Meditation can fix many sicknesses .,fix,cure;heal,solve;cure;answer;heal;change;fixes;explain;repair;hide;fix
"Now , I m not sure how I went from missing two weeks to six , but intend to fix that as I go .",fix,mend;correct;compensate;sort;make;repair,fixing;change;improve;update;solve;patch;fixed;rect;see;remedy
"  I feel I can get a lot more done as a selectman by being innovative and fixing the problems we have with cash flows , because they occur every year .",fixing,resolve;solve;mend;repair,solving;resolving;fix;addressing;solve;resolve;reducing;fixed;resolution;avoiding
Getting back to the day when doctors looked at the whole person .and did not expect a pill to fix the mind .,fix,cure;heal;mend,change;read;solve;beat;fix;changed;cure;repair;heal;open
"And thanks to our users , we now have around 30 engines in the database ... New features : - Better layout - Better copy - Small bugs fixed Bugs : - ie hell + much more Posted by eric at 05:24 PM | Comments ( 3 ) Investment News As part of the new international expansion strategy 24hdc.com now accepts USD for investments .",fixed,repair;correct;cure;resolve;patch,":;,;/;.;n;fixes"
"Er , tilty. by anna at July 17 , 2003 03:37 PM yeah , in our case , whoever did the foundation fucked up royally. when the house settled , it was fubar. should be pretty easy to fix though...just a matter of getting the pilings set to the right heights. by JC at July 17 , 2003 06:32 PM add a comment Name : Email Address : URL : Remember personal info ?",fix,repair;correct;mend;put;sort,repair;mend;solve;change;patch;fixed;correct;resolve;make;fixing
I guess I ll be able to hit the hot button many times as I m always at the dealer getting my car fixed .,fixed,mend;repair,repaired;fix;inspected;fixing;ready;delivered;corrected;tuned;sorted;done
The long-term problem with Social Security after 2042 could be totally fixed by raising the cap on income to a level needed to generate sufficient income to enable the system to continue to pay 100 percent indefinitely .,fixed,mend;resolve;correct;solve,fix;resolved;solved;solve;addressed;Fix;avoided;repaired;eliminated;overcome
The only way to fix this is for linux to get enough market share to be able to make demands for hardware support. [ reply ] [ top ] [ Â » ] Releasing specs is the only answer. by The Nose Who Knows - Feb 26th 2001 04:29:40 gt; The other reason why vendors do nt support linux gt; most of the time for commidity hardware such as gt; webcam is low returns on investments .,fix,correct;solve;improve;mend;do;resolve,solve;change;address;combat;remedy;avoid;overcome;answer;resolve;fixing
"But if no prayers can alter your purpose , dear one , husband , if you are so fixed on going , take me with you , also !",fixed,set;intent;stick;determine,keen;set;intent;sure;concentrated;dependent;resolved;bent;minded;planning
"Suddenly there was a scattering of fire , which three outfielders caught the brunt ; the centerfield was hit and was captured , left and right field managed to get back to our lines .",managed,succeed;be;endeavour,manage;ers;manages;managing;got;failed;managed;men;scrambled;aged
 C158 ( cf ex R145 )  The Provincial in Councilor the Superior ofthe Delegation in Councilsets the financial competency of local Superiorsand their Councilsand determines which assets can be managed by individualOblates and by local Superiors and their Councils .,managed,direct;handle;organise;oversee;control,manage;controlled;managed;sold;management;acquired;manager;used;owned;governed
"BUSINESS DEVELOPMENT MANAGER STRATEGIC ALLIANCES This individual will be responsible for coordinating , negotiating , launching , and managing Accuity s partner relationships .",managing,take;direct;handle;organise;look;control,manager;overseeing;implementing;management;coordinating;administering;manage;supporting;handling;maintaining
"A married woman retains ownership of any property she brought to the marriage , but the husband has the right to manage the property and to enjoy profits from the property .",manage,control;govern;organise,administer;manager;keep;maintain;lease;sell;management;retain;oversee;run
"We do not need to ask for your specific permission to do these things , as explained below : Treatment Partners health care providers will use and share your health information to provide and manage your health care and related services .",manage,conduct;direct;organise;coordinate;deal;control,administer;managed;managing;provide;use;request;offer;coordinate;management;receive
"According to a White House press release , al-Taqwa and its affiliates  raise , manage , invest , and distribute funds for al-Qaeda ; provide terrorist supporters with internet service and secure telephone communications ; and arrange for the shipment of weapons .",manage,take;handle;organise;coordinate;control,fund;distribute;invest;administer;direct;raise;organize;manages;maintain;finance
"That is , if the average person ( say this is 98 % of people ) amasses 10 things , if I manage to acquire 20 things then perhaps my account is not worth twice as much but maybe 10x or 100x as much as average .",manage,be;success;undertake;succeed,managed;need;get;seem;decide;want;strive;try;aim;attempt
There are different types of managed care systems .,managed,control;coordinate;administer,health;administrative;organized;paid;personal;child;aged;day;assisted;remembered
Saddam Hussein did nt manage to defeat the Iranians .,manage,succeed;be;success;contrive,seem;want;come;try;succeed;ack;able;look;know;get
"The M107 program is managed by the Project Manager Soldier Weapons with engineering support provided by PicatinnyÂs Armament Research , Development and Engineering Center .",managed,conduct;run;direct;coordinate;administer;control,administered;operated;run;overseen;manage;managed;provided;coordinated;controlled;monitored
"It is really a neat plan , well documented and a model for libraries that are still working on their plans. ~ ~ ~ Corrections to April 2003 issue of LDD On the Road : Some things slipped by when putting together last month’s issue of LDD On the Road .",neat,clever;good;well-formulated;orderly,master;great;good;lesson;solid;decent;reasonable;nice;simple;nifty
"And the prize for neatest , simplest idea has to go to britkid.org , a resource for opening children s eyes to the diversity of our culture. www.skoool.com www.nrich.maths.org.uk www.stagework.org.uk www.learningcurve.gov.uk www.britkid.org Email Hotmail is the free email service everyone knows .",neatest,clever;smart,neat;cut;slick;clean;weird;dumb;strang;dop;nic;hipp
Over the course of the 20th century scholars have learned that such images tried to make messy reality neater than it really is .,neater,tidy;simple,ne;swe;pal;che;tr;ble;e;scar;sle;gre
"Strong field patterns created by hedgerows give the landscape a neat , well structured appearance .",neat,tidy;order;orderly,clear;neatly;zy;sharp;sense;.;distinctive;patterns;tidy;white
"Besides a list of specific things you wish they would talk about , the following things are helpful additions to the neat packet you hand them when you ask them to write the letter .",neat,simple;compact;tidy;trim;orderly,stack;handy;little;folder;tidy;cool;sticky;blank;paper;small
" -4 Time IROC Champion Mark Martin Indy 500 , CART and IROC champion , Al Unser Jr. said ,  I watched my father and uncle Bobby race in IROC and as a kid I thought it would be really neat if someday I would get an opportunity to run IROC .",neat,great;cool;pleasing,nice;cool;awesome;fun;great;dope;nifty;cute;funny;sweet
The Society for Academic Emergency Medicine is a neat little bunch of people who are dedicated to furthering the interests of academia and research in the youngest of the medical specialties .,neat,cool;great;tidy;orderly;nice,tidy;nifty;tiny;nice;cool;handy;pretty;whole;decent;small
A weblog by Tom Coates who thinks up neat stuff for Yahoo !,neat,clever;great;cool,cool;awesome;fancy;handy;useful;nifty;great;special;cute;bad
But not as odd as the 35 others who bedded down with him each night in a neat row down the street on a carpet of cardboard boxes and multicoloured raffia beach mats .,neat,tidy;uniform;ordered;orderly,tidy;long;tight;tiny;clean;virtual;small;staggered;sleepy;little
"Link to the full FEDERAL GOVERNMENT DEBT REPORT with pictures - there are 9 color graphics that tell the whole story - - so , give the next page time to load those neat pictures .",neat,great;cool;terrific,nifty;cool;pretty;fancy;new;funky;awesome;handy;nice;pesky
"What are the important variables that create a rich online learning experience , one that makes real improvements in academic practice ?",rich,rewarding;full;detail;significant,new;richer;strong;deep;healthy;better;good;special;unique;successful
"Trees on Anmyeondo used to be thick and lush to the extent of prompting a saying , Â¡Â°You can become rich with an axe.Â¡Â± But now only few trees are left due to reckless deforestation since the time of KoreaÂ¡Â¯s liberation from Japanese colonial rule .",rich,wealthy,one;proficient;dead;free;wealthy;whole;ripe;richer;giants;anything
"No , we re not talking about the fortunes of a rich and powerful democracy .",rich,wealthy,wealthy;mighty;rich;wealth;privileged;vast;large;small;deep;strong
"Functional Foods and Drinks , Sports Drinks , Slimming , Supplements Functional foods : Glico launches this chocolate rich in GABA for its relaxing effect .",rich,packed;high;abounding;full;abundant;full,high;deep;covered;complex;richer;found;enriched;low;rich;coated
Africas central problems in the WTO revolve around the imbalances and biases created by rich countries in the Uruguay Round Agreement ( URA ) .,rich,wealthy,wealthy;developing;member;developed;richer;wealthier;many;poorer;powerful;producer
"Today half the world s population lives on less than $ 2 a day , 80 percent of the global population has only 20 percent of global GDP , and within each country there is a massive imbalance between rich and poor .",rich,wealthy,wealthy;richer;rich;farmer;millionaire;affluent;wealth;needy;elite;surplus
"Here Wagner , in depicting every shade of sexual love , developed a style richer and more chromatic than anyone had previously attempted , using dissonance and its urge for resolution in a continuing pattem to build up tension and a sense of profound yearning ; Act 2 is virtually a continuous love duet , touching every emotion from the tenderest to the most passionately erotic .",richer,full;lavish;elaborate;vibrant,deeper;sharper;wider;stronger;larger;broader;greater;faster;fuller;darker
"He brings an incredibly rich and diverse background that includes everything from executive coaching , learning  development and management consulting , to senior operations roles , mixed with a masters in organizational development .",rich,full;ample;detailed;lush;valuable;significant,deep;diverse;broad;varied;extensive;impressive;rich;experienced;complex;eclectic
Rich people manage their money well .,Rich,wealthy;well-off,rich;nice;Many;many;Few;The;All;These;Other;Normal
"I also think that it will probably take the  sword  of nations ( ala Rom 13 ) combined with the good news offered by the body of Christ to touch the hearts and change the ways of the  rich Africans  ( and rich Americans and other westerners , frankly ) to bring change .",rich,wealthy,wealthy;richest;English;middle;ch;young;richer;world;lazy;hungry
"Rubinstein held the gambit pawn with 4.Bf4 and 7.Qd5 , but his neglect of kingside development was severely punished .",severely,harshly;gravely;seriously,heavily;well;badly;harshly;seriously;greatly;significantly;severe;highly;sorely
"This veteran , the oldest pensioner in Great Britain , entered the army in 1758 , and was severely wounded at the battle of Quebec under General Wolfe , in consequence of which he became an out-pensioner of Chelsea Hospital , and continued so for the period of seventy-five years .",severely,seriously;gravely;badly,seriously;badly;fatally;heavily;violently;deeply;critically;later;subsequently;also
Perhaps the effect of West Nile Virus is sufficient to extinguish endemic birds already severely stressed by habitat losses .,severely,extremely;critically;gravely;seriously;highly,left;found;spotted;The;In;I
She looked as severely as she could muster at Draco .,severely,sternly;gravely;harshly;seriously,hard;angry;mad;fierce;serious;furious;disgusted;tough;defensive;pleased
A day before he was due to return to the United States Patton was severely injured in a road accident .,severely,badly;gravely;seriously;critically,seriously;also;man;still;got;way;nt;bed;badly;aw
"Use market tools to address environmental issues , such as eliminating subsidies for industries that severely harm the environment , like coal .",severely,badly;gravely;seriously;dramatically,would;could;severe;might;badly;permanently;negatively;directly;disproportionately;may
This picture was severely damaged in the flood of 1913 and has rarely been seen until now .,severely,badly;gravely;devastatingly;seriously,badly;seriously;significantly;heavily;permanently;deeply;extensively;also;reportedly;considerably
I was very disappointed when the author did not go into detail about how he regained his faith after having it severely undermined by his early studies in theology at university .,severely,seriously;gravely;badly;heavily,badly;seriously;greatly;profoundly;heavily;fatally;significantly;partially;slightly;sorely
"We do continue to support research on the differentiation of adult precursor cells into beta cells , but that s a severely limited field in terms of how successful it has been .",severely,extremely;gravely;dramatically,relatively;comparatively;rather;somewhat;decidedly;greatly;pretty;slightly;seriously;notoriously
Mutual Funds are so severely conflicted that they will not avail themselves of the alleged benefits of the proposed rule .,severely,seriously;badly;gravely;extremely;heavily,Left;deeply;badly;politically;seriously;profoundly;morally;often;thoroughly;Too
Leaders of some of the most powerful states in the world stand by and give the impression that this is just the new way of life for Zimbabweans .,stand,wait;remain;look;watch;do-nothing;remain;remain,stands;walk;lie;standing;pass;stick;remain;swing;stood;Stand
We cannot stand as helpless spectators while millions die for want in a world of plenty .,stand,remain;sit;wait;remain,stood;exist;stands;live;face;wait;pass;survive;remain;serve
"She knew that behind this remarkable new event that had overwhelmed AllahÂs Messenger ( sallallahu Âalayhi wa sallam ) lay something great that Allah ( Subhanahu wa taÂala ) had prepared for His Messenger , so she spoke her kind and sweet words of encouragement , filling him with confidence , tranquility and firm conviction : ÂBe of good cheer , O cousin , and stand firm .",stand,remain;stay;endure;be,hold;Stand;stand;stands;remain;stood;lie;keep;standing;stay
Liberals(135)+NDP(19)=154=the usual yapping NDP of no consequence Liberals(135)+Bloc(54)=189=oui the government stands or non it falls Do nt count on the Bloc to squander their good fortune like they did the last time they had 54 either .,stands,remain;continue;prevail;remain,falls;…;rises;succeeds;stand;pass;grace;rise;lands;comes
"1 MCAS stands for the Massachusetts Comprehensive Assessment System , a standards test administered to students in grades 3 , 4 , 5 , 6 , 7 , 8 , and 10 throughout the state .",stands,position;support;location;placement;place;table;frame;platform,"stand;stood;standing;,;passes;Stand;goes;Grounds;test;A"
"And secondly , the Consensus demonstrated to the World that Africa no longer stands on the fridges or sit on the fence when issues likely to have impacts on its economies and its people are being discussed .",stands,support;base;table;upright,sits;stand;stood;waits;bang;rely;relies;plays;hangs;depend
Sapling and Pole Stages to Maturity Growth and Yield- Mature northern red oaks are usually from 20 to 30 m ( 65 to 98 ft ) tall and 61 to 91 cm ( 24 to 36 in ) in d.b.h. in undisturbed stands on good sites .,stands,support;base;structure,stand;locations;pasture;trees;wild;soils;areas;herds;conditions;condition
The stand is not included .,stand,represent;symbolize;abbreviate,card;support;system;filter;table;inner;trade;data;class;column
"Here , its walnut case has been mounted on an adjustable stand to make one of the earliest desk sets .",stand,stance;position;attitude,face;frame;table;leg;spring;stand;tripod;pole;stands;rack
"The denomination essentially voted to take a neutral stand on many varying interpretations of Genesis 1. Feedback Letter >From : Stephen Craig Comment : First , let me compliment all of you for a great site .",stand,remain;stay;wait;rely,stance;view;position;opinion;route;step;pass;course;stances;path
"Attorney General s Page The Connecticut Attorney General s website includes a discussion of current health topics , including HMOs , Medicare , current Connecticut health legislation , and insurance issues as well as information on your rights when it comes to making health care decisions .",well,in;along;and;with,well;far;wells;long;wel;much;per;yet;though;n
We needed to plan well in advanced to give schools enough warning but not too much choice on times and dates as this seemed to make decisions harder !,well,sufficient;in;long;much,well;ahead;carefully;long;days;things;far;something;beforehand;everything
And be ready to move elsewhere if you are not being treated well .,well,properly;satisfactorily;nice,properly;fairly;nicely;respectfully;lightly;fair;reasonably;well;carefully;appropriately
"Treatment of physical problems , particularly chronic ones , is possible as well as psychological therapy .",well,in;along;including,much;far;classified;long;known;normal;well;good;OK;simple
"Fades the light ; And afar Goeth day , And the stars Shineth bright , Fare thee well ; Day has gone , Night is on .",well,good;in;bon;goodbye;excellently;successfully;healthily;safely,fair;thee;better;well;wells;wise;sound;still;day;wel
"Half the phones , half the computers , half the consumer electronic products we buy are not as well made or designed as the other half .",well,carefully;efficiently;excellently;nice,properly;wel;nicely;beautifully;finely;wells;much;specially;wonderfully;cheaply
"Well , perhaps not .",Well,indeed;then,",;:;.;A;Not;By;After;In;For;At"
"Cupertino-based Apple is known for aggressively protecting its intellectual property , as well as its image .",well,in;along;and;including,far;wells;well;long;known;much;wel;opposed;also;yet
"Well , one of Alf s intentions when he first conceived the Newsletter was that it should serve as a continuous record of the activities of the Society , and as we all know , the contents of a web page can change or disappear as fast as a bottle of wine at Hogmanay !",Well,so,A;For;Now;At;:;But;Indeed;Since;As;On
"Well now we have.  Plain English Campaign is nt stopping there , though .",Well,so,"But;For;and;,;Well;And;By;The;:;So"
"Modern hunting methods have been introduced , undermining the traditional hunting practices of the local people who have for generations sought to protect and preserve wild life .",wild,animal;untamed,animal;forest;wildlife;endangered;bird;game;human;native;species;marine
"It is presumed that this is because the level of infection of IHHN virus in the wild population is relatively low , and when these wild stocks are held in captivity , the virus quickly spreads from infected broodstock to non-infected broodstock .",wild,undomesticated;untamed;non-domestic;feral;animal;outside,wild;stock;breeding;native;Wild;ine;feral;game;market;adult
"Freya , orphaned as a baby and now something of a wild spirit , shares her secrets with Danny in their private place on the nearby rocky crags .",wild,free;chaotic;unrestrained,free;wild;kindred;Wild;feral;Viking;haunted;roaming;crazy;haunting
"These wounds may be from a variety of sources : fish hooks , barbed wire , lawnmowers , traps , tree branches , cats , dogs , bullets , or , even other wild animals .",wild,undomesticated;non-captive;untamed,feral;native;animal;unwanted;forest;natural;large;game;cute;stuffed
In the Genealogy Section a wild story about someone s Great Great Grandfather !,wild,crazy;unbelievable;amazing;incredible;dramatic,great;raw;Wild;strange;wild;ous;legendary;weird;bizarre;funny
Now it is the GW doomsayers that ignore similar geological evidence that show wild and mini climatic swings throughout the earth’s history .,wild,unpredictable;chaotic;extreme;unrestrained;irregular;huge,stark;Vol;drastic;rapid;dramatic;sudden;sharp;cultural;clear;bizarre
"Lovely venue ( well as long as you go in for the wild wallpaper ) , fantastic sound system , great staff , nice cocktails and a great time had by all .",wild,crazy;unrestrained;extreme;coloured;patterned;striking;garish,main;first;night;party;festival;best;show;n;good;musical
"You ll accuse me of being off track , and rightly so , but should nt we first ask what solution our dear Islam has provided for satisfying your wild God-given instincts , beside suppressing them for years until you get the chance to get married ?",wild,chaotic;reckless;crazy;undisciplined;unrestrained;natural,crazy;true;old;weird;natural;filthy;sexy;first;sweet;hungry
The riverine habitat is extremely beautiful and the chances of seeing large wild animals are high .,wild,untamed;undomesticated;non-captive,red;stuffed;animal;forest;numbers;large;white;predatory;mammal;fisher
"An endangered species is one that could become extinct in the wild in 10 to 20 years , if nothing is done to protect it .",wild,uninhabited;out;wilderness;uncultivated;its,It;I;In
" ; What happened to the big , new garbage can at Church and Chambers Streets ?",can,bin;disposal;container,cans;bin;system;er;box;container;bags;dump;collector;truck
"After the coin has been sleeved , there is no hesitation as the can apparently covers the coin in the LH .",can,receptacle;tin,coin;may;cant;spell;mag;cannot;could;priest;magician;artist
"Instead of cleverly tricking Prosser into lying down in the mud , Ford simply distracts the workmen with a shopping trolley full of cans of lager which he just happens to have with him .",cans,tin,bottles;pitchers;cases;barrels;shots;plenty;gallons;glasses;bottle;grains
"No hazardous materials such as paint , noxious chemicals , solvents , oil , petrol cans , gas bottles , tyres , asbestos , vehicle batteries , medical or biological waste .",cans,container;cannister,ons;powder;ates;ations;caps;ution;paint;ers;ene;ators
"Sources of standing water include old tires , metal cans , ceramic pots , clogged drain covers , wading pools , pool covers , bird baths , and rain barrels. ; Visit the CDC West Nile website at http://www.cdc.gov/ncidod/dvbid/westnile / .",cans,container;tin,pots;pipes;containers;pans;sinks;drums;taps;boxes;jars;chairs
Q : Do you take steel cans at the curbside ?,cans,container;bin,containers;pipe;pens;bottles;barrels;container;coins;pipes;mix;bars
Aluminum  Steel Cans - Rinse aluminum and steel cans .,cans,container;tin,aluminum;tin;products;foil;can;bottles;jars;pipes;melts;pellets
"Packed the soil itself into huge trash cans and in the 14 truckloads , two a day , carried soil to new house .",cans,bin;container,.;I
"Facilities are available for the recycling of paper , glass , cans , textiles , shoes , plastic bottles , cardboard , and oil .",cans,tin,I;.;In;By;For
"Jan replies ... Hi Linda , One cat owner reported ,  We are now back on maintenance dose of 3/4 tablespoon of essiac mixed with one tablespoon of tuna juice ( the spring water from a can of tuna ) .",can,tin,cans;jar;bottle;Can;box;cup;container;case;may;pint
"So we all went out to dinner , and I found myself sitting between light and dark , which is where we all are , is nt it , and I kept feeling more attracted to the dark .",dark,gloom;shadow;night;shade;darkness;lack,darkness;shade;shadow;Dark;light;/;dim;.;dark;darker
I think that the work I do is done in the dark .,dark,night;ignorance;oblivion;uninformed,dark;darkness;night;shadows;dead;e;darkest;woods;black;well
" One was so in the dark as to what they wanted ,  complained Edwin Lutyens , the greatest British architect of the day ,  the site so lovely , the conditions so difficult .",dark,ininformed;unsure;unclear;oblivious;uncertain;ignorant;unaware;unilluminated,know;darkness;minority;blind;woods;past;Eye;moon;game;right
I think overtly making out in public can be kept somewhere in the dark .,dark,shadow;away;secret;shade;darkness,mind;shadows;least;darkness;rear;future;closet;house;area;state
"Conversely , the most successful CEO s seem to have a knack for finding their way in the dark .",dark,obscure;night;somewhere;darkness,"darkness;,;darkest;dark;world;maze;Sun;darkened;shadows;darker"
"So to be  able to read the handwriting on the wall  has ever since been a metaphor for being able to see what s coming , especially when those around you remain in the dark .",dark,ignorant;unaware;unilluminated;oblivious;uninformed,darkness;shadows;black;fog;know;loop;eye;buff;gloom;rain
"Go out to get some chow , and they had all slipped away in the dark of the night .",dark,gloom;black;shadow;dimness,middle;darkness;dead;rest;midst;black;depths;way;end;hours
"Part of it is her unique view of the world , whether walking around the room telling people they are her friends , or riding around in the car after dark telling me she wants to “touch the purple night. ; Part of it is that she has Down syndrome .",dark,at;nightfall;dusk;sunset,darkness;midnight;drinking;dinner;black;night;work;dark;sunset;finishing
"Another remarkable subject is  Reality ( play loud )  , the artist embarks in a alucinogeno trip soul simply to demonstrate its vocal capacities , africanismo and the dark to us in a threatening atmosphere .",dark,sombre;mystery;shadow;night;darkness,darkness;world;music;occult;woods;black;unknown;sounds;ism;mystic
The cells were resuspended in 0.1 % saponin wash and mixed in the dark for 1 h. The cells were pelleted and the supernatant was discarded .,dark,absence;darkness,wild;sink;dish;media;morning;bin;barrel;buff;wash;dark
"However , the examination will be detailed if the applicant expressly requests it ( for example , at the same time as filing the Demand ) , or if the applicant files amendments and/or arguments ( for example , in response to the International Search Report , with the Demand or in response to a Written Opinion ; see below ) .",examination,investigation;scrutiny;inspection,examinations;exam;Trial;request;report;demand;result;application;motion;document
From the previous examination last week the auto-immune deficiency could also be excluded .,examination,investigation;inspection;consultation;assesment,examinations;exam;post;one;report;conference;session;column;mention;edition
Readers will appreciate this well-researched examination .,examination,investigation;scrutiny;enquiry;analysis,paper;work;dissertation;study;review;analysis;research;exam;presentation;thesis
"As well , he will continue his examination of the transatlantic connections that fuelled the slave trade .",examination,investigation;scrutiny;study;inspection;analysis,exploration;study;probe;studies;investigation;scholarship;assessment;review;work;analysis
The US ranks 37th in a World Health Organization examination of the world s health care systems .,examination,scrutiny;study;investigation;inspection,assessment;analysis;review;evaluation;survey;study;rankings;ranking;report;overview
"40 Among studies that found differences in procedure use in sex-discordant pairings , these differences have been seen largely in sex-specific services such as mammography screening , 25 , 35 , 39 prostate examination , 39 and pelvic examination or Papanicolaou smear testing , 25 , 35 , 39 selected procedures that may have produced differences in use rates because of their sex-specific nature .",examination,inspection;investigation;assessment;analysis,"exam;.;,"
"The photograph on the surface does not show a conflict or an irony , but with close examination , the punctum —the element which stands out and punctures the stadium —becomes apparent .",examination,inspection;scrutiny;analysis,scrutiny;Eye;inspection;observation;analysis;examine;examining;exam;study;attention
"EXAMINATION QUESTIONS , 1961-1965 Examination Questions , ca 1961-1965 , 30 cm ( c.1 , c.21 ) Examination question papers for various courses arranged alphabetically by subject and session .",EXAMINATION,test;exam;assessment,ex;EX;Ex;Ass;C;N;cont;Acc;CR;F
Examination leave also includes the mornings of days in which examinations are held in the afternoon as well as the time spent travelling to and from the examination centre .,examination,test;exam;assessment,medical;conference;exam;surgical;imperial;health;examinations;hospital;academic;educational
"I was given cardiovascular tests , including treadmill stress tests and ultrasound examinations of my heart , but apparently , things werenÂt bad enough that I was singled out for consultation .",examinations,investigation;test;inspection,examination;scans;exams;recordings;imaging;tests;readings;scan;exam;measurements
"I feared only her car , and she was like a ghost , an apparition haunting the car , only a part of it , not a person .",feared,dread;be;be;be;be;be,saw;beloved;remembered;frightened;trusted;fear;knew;left;loved;terrified
" she asked , already fearing a negative answer but impressed by the merit of his constructive reply .",fearing,expect;anticipate;suspect;afraid,bearing;gives;anticipating;offering;suffering;knowing;giving;fears;wanting;fear
He fears that she will die while he is gone .,fears,worry;dread;be;be,worries;fear;trusts;feared;aments;ans;hopes;worried;said;inks
"When Esther fears to enter the court unsummoned , a capital offense unless the king holds out the golden sceptre , Mordecai says  Think not with thyself that thou shalt escape in the king s house , more than all the Jews .",fears,be;dread;be;dread;scare,threatens;plans;vows;struggles;wishes;wants;desires;fails;tries;seeks
"Though the Act was well supported , it also aroused vehement opposition from those who feared it would promote the evils it was intended to remedy .",feared,worry;anticipate;suspect;be;be;be,felt;thought;afraid;wished;believed;worried;say;suspected;claimed;contended
"6th February , 2004 - View article ... Extra Home Threat to Green belt The new targets published last week could force St Albans into sacrificing more Green Belt land than was first feared .",feared,expect;anticipate;anxiously,hoped;needed;thought;possible;met;intended;done;planned;anticipated;imagined
"Muslim-Americans need to do this bit by bit , word by word , to show our fellow citizens that America has nothing to fear from Islam .",fear,be;dread;be;worry;afraid,gain;lose;hide;learn;face;protect;flee;fret;come;offer
"Many of those who founded the wargame publishing business feared that , with the anti-militarism caused by the Vietnam , and ( later ) with the adoption of the all-volunteer army , American society would become estranged from all things military , leaving ordinary citizens too ignorant to make meaningful democratic judgments where war is concerned .",feared,worry;be;suspect;be;be;be,anticipated;hoped;tted;presumed;viewed;dreaded;knew;fearing;bred;figured
"Genetic engineering and human cloning are not to be feared but cherished , as they will liberate humanity from nature .",feared,dread;scared;frightened;afraid,dangerous;afraid;trusted;endangered;scared;long;hurt;done;worried;helped
"Nothing , I fear , I haven’t said already .",fear,be;dread;believe;be;unfortunately,trust;sow;know;believe;promise;mean;think;wish;vy;ne
"Do nt forget about the revolutionary exercise program and the lifestyle modification program. ) You will also learn , on the topic of diet : How to eliminate those crazy , irresistible cravings forever .",forget,overlook;neglect;inadvertently,forgot;know;mention;learn;read;te;get;remember;Read;told
"But Mr. SchickeleÂs own music has not been forgotten ; his eagerly-awaited Concerto for Viola and Orchestra will receive its world premiere with The Pasadena Symphony and Danielle Farina , viola .",forgotten,cease;disregard;overlook;lose;ignore,neglected;abandoned;lost;wasted;overlooked;heard;stolen;forgot;silenced;far
Do nt forget to do the quick inventory and again tape it to the outside of the box .,forget,fail;omit;neglect,n;want;need;te;use;get;try;fail;How;Had
"Finally being super christian , I was reminded of the 2nd greatest commandment of all “You shall love your neighbour as yourself’ ; its easy to forget when you losing .",forget,overlook;let;cease,see;forgot;ignore;say;forgotten;remember;read;understand;get;know
"Sometimes you might be out of the office but want to know how your database is doing , sometimes you might be in vacation , sometimes you simply forgot to run the script ( weÂre humans ) ... How can you be notified with these details ?",forgot,overlook;fail;overlook;omit,forget;want;need;forgotten;forgetting;remembered;failed;needed;fail;neglected
One must not forget that the reason why the conflict has become difficult to handle over the years is because it has grown in complexity and become something of a family war .,forget,overlook;cease;remember;fail,forgot;overlook;forgotten;ignore;assume;forgetting;mention;deny;mistake;doubt
Since the last issue of Britannia we have at last seen a bit of barrack life and all rumours about the issue of the  Sennelager Star  are being forgotten .,forgotten,disregard;put;overlook;lose,dismissed;remembered;discredited;forgot;ignored;debunked;heard;gone;erased;denied
Someone from the event forwarded me this quote which I had forgotten .,forgotten,not;overlook,written;forgot;remembered;read;said;seen;posted;told;heard;received
Then to top it all off the docs forgot to enter the med rates so the oncall doc needed to be called which takes a long time .,forgot,omit;fail;fail,forget;failed;needed;wanted;forgotten;seemed;need;got;neglected;could
Does he forget that it was his ministry that issued the final set of licences some three months prior to the collapse of Principal Trust ?,forget,not;omit;fail;not,forgot;note;know;mention;realize;remembers;aware;remember;miss;also
"Galls indeed arise from the stinging of the plant tissues by the ovipositors of female gall wasps , and the egg laid in the plant tissues develops inside the gall into a grub , which eventually emerges full-grown and transformed into a mature gall wasp .",gall,pn;secretion,female;genital;male;gon;ho;gall;green;reproductive;ovarian;leaf
"These include laparoscopic gall bladder surgery and reflux disease surgery , non-cardiac thoracoscopic chest surgery , and certain cardiotomy procedures such as mitral valve repair .",gall,pn,bar;lap;stomach;renal;stem;bone;heart;palate;gal;kidney
" ( Adams , pp.196-9 ) What arrogance and gall it took to write those words and demand that they be spoken by Native tongues .",gall,audacity;impudence;nerve;effrontery;temerity;cheek,courage;wit;bravery;fer;folly;acy;pain;stupidity;guts;cruelty
"In the case of my gall bladder removal , I was out the next day .",gall,pn;bile-producing,wisdom;round;cess;first;gast;Had;bell;Pill;urinary;brain
Even galls that formed on their trunks were eaten .,galls,grub;pustule;abnormal,g;sc;sp;b;ch;ag;c;p;pup;ph
"Come to my woman s breasts , And take my milk for gall , you murdering ministers , Wherever in your sightless substances You wait on nature s mischief !",gall,bile;rancor;poison;bitter;cheek,free;thee;mercy;ye;profit;milk;tender;pleasure;bread;joy
"And the morans have the gall to ruin Beethovens 6th in the process , too .",gall,cheek;audacity;nerve;effrontery;temerity,leisure;power;wont;stomach;right;grace;vill;snap;nerve;opportunity
"Etym : From the Gaelic name Dubhghall , from dubh  black  + gall  stranger  .",gall,unknown,le;g;a;Gael;ogh;n;la;c;lord;Welsh
"Galls indeed arise from the stinging of the plant tissues by the ovipositors of female gall wasps , and the egg laid in the plant tissues develops inside the gall into a grub , which eventually emerges full-grown and transformed into a mature gall wasp .",Galls,abnormal;blister,G;g;Gl;Ch;Gall;H;M;leg;V;W
"In Boston Magazine s glowing blurb on Via Matta , it had the extraordinary gall to say this :  Via Matta has unquestionably found its niche with Boston s it crowd .",gall,cheek;audacity;nerve;effrontery;temerity,grace;right;occasion;misfortune;opportunity;sense;liberty;nerve;power;leisure
 What is the world to do in the face of these grim predictions ?,grim,bleak;severe;horrific;dire;doom;doomy;negative;horrible,dire;economic;new;dystopian;fearsome;dark;bleak;human;old;looming
"“He too can only watch in deepening despair as the grim work proceeds. ; Looks more like resignation to me , but AudioVision is not interested in letting us make up our own minds. “Finally , the military police carry the crates away for disposal. ; No , they just take them away .",grim,unrelenting;unpleasant;gruesome;terrible;horrific;horrible,hard;police;gruesome;dirty;grunt;military;bloody;sinister;nefarious;dreadful
"Id rather go face down , fast , in a plate of chili at 76 than suffer the grim attenuations of mental decay and wander off this mortal plane at 78 .",grim,morbid;dire;dismal;depressing;unpleasant;bleak;terrible,gruesome;slow;bleak;dire;hideous;permanent;endless;painful;wretched;pathetic
Vincent van Gogh in 1880 was a 27-year-old failure : a despised and rejected clergyman in a grim backwater mining town in Belgium .,grim,gloomy;harsh;horrid;depressing;bleak,small;large;desolate;remote;poor;British;old;mining;dusty;rural
Hoarding and saving react with grim vengeance .,grim,unrelenting;dire;ghastly;sinister;dark;horrific;horrible,extreme;severe;cold;pure;mild;malicious;dire;brute;thy;vicious
" Once that grim reality had sunk in , Kubrick s response was an extraordinary tribute to Sellers as an actor :  We ca nt replace him with another actor , we ve got to get an authentic character from life , someone whose acting career is secondary-a real-life cowboy .",grim,harsh;horrid;dismal;awful;depressing;unpleasant,sad;bleak;new;inevitable;dire;looming;certain;impending;little;final
"Their trip had been a grim struggle with wet pitches , friable rock and bad bolts : they had reached the 1979 limit , but failed to go further .",grim,unrelenting;harsh;severe;awful;harrowing;gloomy;difficult,mixed;constant;difficult;miserable;real;steady;tough;rough;long;frustrating
I m concerned that they re so grim and angry .,grim,forbidding;severe;harsh;stern;gloomy;serious,confused;sad;pale;bitter;upset;frustrated;smug;tense;shocked;dumb
 That s Lawrence Kaplan  s grim verdict from Baghdad .,grim,gloomy;dire;appalling;depressing;bleak;dark,damning;ips;sad;s;';Her;full;akes;ocked;iren
It started out looking pretty grim but we had pretty good rainfall in April and May .,grim,gloomy;dire;severe;dismal;unpromising,good;bad;awesome;messy;gloomy;cool;dark;dismal;pretty;dire
" Â  50 dollars  , I lie .",lie,fib;say;say,"see;believe;say;l;said;cons;mean;,;S;think"
"But in spite of this truth , just as you in the position of aspirants and disciples know much about the Hierarchy , its life , aims and conditioning rules , so do I , a Master of the fifth degree , know much concerning what lies ahead of me ; I can therefore endeavor to make some small part of these essential truths clearer to those who can profit by them .",lies,wait;remain;untruths;be;falsehoods,lay;lie;lays;awaits;await;sits;may;lur;looms;hangs
I lie down on my futon -bed with a tiny bean-filled pillow under my neck .,lie,stretch;rest;recline;get;recline,lay;sit;laid;lied;slid;fell;lies;fall;lying;sat
"For example , suppose that on the return trip from Deneb to Earth the astronauts lay down Tube II rather than traveling back in Tube I , the first tube they produced .",lay,put;extend;place;had,laid;put;sat;traveled;set;rode;loaded;travelled;dropped;went
"What lies beneath the amphoras and the muck -- perhaps the ship s wooden hull , tools , personal items and coins , which would help pinpoint the date of the sinking -- can only be learned by excavation .",lies,rest;remain;can;hide;be;be,lays;lie;remains;plays;hides;lay;whats;sits;lying;floats
"  You ca nt lie in front of the bulldozer indefinitely   I m game ...   Zaphod , you look good .",lie,recline;stay;recline;stretch,ne;ly;te;die;lay;ine;ie;sit;k;ik
"He went on farther , and in the great hall he saw the whole of the court lying asleep , and up by the throne lay the King and Queen .",lay,rest;be;recline;reclined,lie;laid;sat;stood;bore;rested;ye;upon;lied;sit
Grabbed the blaster lying on the seat next to her and fired up at him .,lying,resting;sit;that;place;position,laying;lay;sat;laid;sitting;lie;lying;lied;sleeping;sit
"Whether itÃ¢ÂÂs lying through omission , lying through misdirection , or outright lies , itÃ¢ÂÂs awfully hard to extract nuggets of truth from the noise .",lying,fib;fibbing;falsify;telling;telling;deceive,lies;lie;lying;lied;laying;deceit;Sin;sin;truth;cunning
"You re naked , lying in your bed surrounded by sex toys , with an empty bottle of lube and a videotape lying next to you .",lying,arrange;lay;situate;leave;resting,laying;standing;lies;lie;sleeping;sitting;drifting;ying;lying;passing
"It is human nature to fight unfairly ; therefore , we need to think in advance and rehearse in advance how to fight fairly , so we wo nt get nasty when we get angry .",nasty,unpleasant;vicious;spiteful;horrible,ugly;lost;petty;angry;bitter;mean;violent;messy;mad;upset
He did nt say anything and kept smiling an insincere and nasty smile .,nasty,unpleasant;spiteful;mean;malicious;disagreeable,pathetic;bitter;indifferent;miserable;bloody;smug;filthy;mean;rude;happy
The Mountain :  Conditions are about to get nasty .,nasty,unpleasant;disagreeable;inhospitable,ugly;worse;mean;bad;serious;rough;hairy;tricky;better;tough
"And will probably stay nasty during the next administration , no matter who wins .",nasty,unpleasant;unpalatable;mean;malicious,ugly;bitter;hot;brutal;nicer;mad;alive;mean;vicious;cold
"The nasty party after all October 10 , leader : Iain Duncan Smith delivered a speech to the 2003 Tory party conference in Blackpool yesterday that was nasty , brutish and long .",nasty,unpleasant;vindictive;painful;malicious;disagreeable,Tory;Labour;bloody;last;bitter;real;big;darkest;rotten;first
 ( on playing Verdasco )  He s nasty .,nasty,mean;unpleasant;spiteful;vicioous,uture;fx;.;e;aldo;iu;auer;otto;igue;iro
"Lewis Gilbert’s 1966 misogynistic rake’s progress always depended on the cheek , charm and chutzpah of the Kohl-eyed Caine’s iconic Cockney cocksman to take away the nasty taste in one’s mouth .",nasty,unpleasant;foul;bad;bitter;horrible,bitter;sour;foul;awful;sweet;unpleasant;bloody;bad;tasty;good
"I would like a big , nasty , mean , ugly automatic rifle or grenade launcher that I could fire at any car whose alarm blares repeatedly .",nasty,mean;vicious;dirty;unpleasant;formidable;horrible;dangerous,ugly;mean;small;fat;big;ny;slow;good;heavy;bad
"A few years ago , when most monitors used 256 colours , it was important to use the Web Safe palette to avoid nasty dithering .",nasty,unpleasant;annoying;objectionable,ugly;accidental;buggy;bad;messy;screen;toxic;unwanted;unnecessary;horrible
"These programs , called malware , can do nasty things like spy on you when you use your PC and allow hackers to access your hard drive .",nasty,mean;bad;unpleasant;malicious;objectionable;offensive,bad;mean;scary;weird;creepy;awful;horrible;terrible;malicious;tricky
" I m glad we made lots of money , though it nearly cost the two of you your sanity .",nearly,almost,almost;near;may;practically;really;still;mostly;likely;definitely;truly
"In the 1997 elections , constitutional nationalism nearly lost out to republicanism .",nearly,almost,I;In;.
"Fire Lookout Museum 123 W. Westview Spokane , WA 99218 ( 509)466-9171 email : rkresek@webtv.net INTRODUCTION During the summer of 2000 , the Inland Northwest United States experienced a wildfire season nearly unprecedented in America .",nearly,almost;practically,almost;virtually;historically;near;largely;previously;practically;mostly;completely;also
"HOUSTON , Texas ( CNN ) -- Human remains found in a field in Texas late Saturday are believed to be those of at least one of the seven astronauts who perished aboard space shuttle Columbia when it disintegrated nearly 40 miles above the Earth .",nearly,almost;approximately,roughly;soared;around;approximately;soar;plummet;Earth;almost;near;hundreds
"Geographically , the West Bank , then under Jordanian rule and occupation , cut Israel nearly in half .",nearly,almost;practically;approximately,almost;cut;practically;half;roughly;right;reduced;Israel;literally;Was
I had nt nearly finished the work at hand .,nearly,almost;anyway;anywhere;remotely;even,yet;quite;ih;even;fully;gotten;practically;ill;already;ah
"Comprised of thousands of small , independent units , the printing industry employs nearly 1 million in some 60,000-100,000 plants and accounts for somewhere in the neighborhood of 100 billion dollars in business every single year , while at the same time , contributing to toxic air emissions and solid and chemical waste problems on an ever-growing scale .",nearly,almost,approximately;roughly;almost;approx;around;circa;several;Nearly;perhaps;near
"In fact , according to his congressional biography , Murtha was on active duty for six years at most ( 1952-55 and 1966-67 ) ; the rest of the time , including some 16 of his nearly 32 years in the House , he was a reservist .",nearly,almost,almost;first;near;remaining;last;long;many;circa;previous;whopping
"Semantically , FDR COULD be the cause of the Great Depression if you think , as I do , that the recession wouldn’t have lasted nearly as long without all his taxes , price fixing , wage fixing , and regulations .",nearly,half;anyway;anything;almost;quite;even,quite;near;Not;half;almost;twice;After;like;Just;By
"In the preceding decade of political struggle , Ms. Bhutto was arrested on numerous occasions ; in all she spent nearly 6 years either in prison or under detention for her dedicated leadership of the then opposition Pakistan Peoples Party .",nearly,almost;approximately,almost;practically;virtually;circa;around;roughly;nearing;another;near;approximately
" Our peak is early November , but it has gotten a little later as the years go by ,  said Dave Menke , the U. S. Fish and Wildlife Service s Klamath Refuge Complex outdoor recreation specialist .",outdoor,open-air;outside;outward-bound,"Area;climate;Wildlife;al;Arctic;wildlife;Desert;Wet;,;animal"
"The goals for the camp include : 1 ) Outdoor experiences 2 ) Social integration ( English and Spanish speakers ) 3 ) Academic learning in the outdoors Students will plan and lead a variety of games and activities including , but not limited to : math lessons , art projects , games , and outdoor leadership/teambuilding initiatives .",outdoor,open-air;outside;outward-bound,"camp;sports;hiking;camps;e;camping;.;,"
Outdoor Electrical Safety Check Tips For The Safe Outdoor Use Of Electricity ESFi Electrical Safety Foundation International Published as a public service by the Electrical Safety Foundation International in cooperation with the U.S. Consumer Product Safety Commission and the Canada Safety Council .,Outdoor,outside;external,The;Basic;Free;Consumer;Safe;Food;Your;Recommended;PDF;National
"According to John Reichling of Camp , Dresser  McKee , an environmental engineering firm in Cambridge , Mass. ,  shelter in place  also involves architectural changes such as widening hallways , enlarging rooms , and enclosing outdoor hallways .",outdoor,external;outside;open-air;uncovered,outside;four;existing;outer;inner;rooftop;external;unused;exterior;interior
"A bridge takes one over into the outdoor space that is the heart of the home , the nucleus , held on each side by the three structures that surround it .",outdoor,outside;external;open-air;uncovered,underground;outer;open;spiritual;white;hidden;inner;sacred;enclosed;urban
"Work : In a Landscape protected area , making the birds little wooden houses , springs and little rivers cleaning , outdoor environmental work .",outdoor,open-air;outside,"outside;,;ecological;special;external;environmental;informal;optional;little;experimental"
IATSE donated free labor and an outdoor sound system .,outdoor,open-air;outside;external;all-weather,outside;amplified;external;exterior;unused;additional;included;optional;acoustic;extra
"This is about as big as most finecky fine-art photographers require , and even outdoor billboards are routinely made from files with less resolution that this .",outdoor,external;outside;roadside;open-air,commercial;larger;street;city;sidewalk;digital;architectural;smaller;large;photo
"Active children and adults , and people with respiratory disease , such as asthma , should avoid prolonged outdoor exertion ; everyone else , especially children , should limit prolonged outdoor exertion .",outdoor,open-air;outside,outside;outdoors;physical;leaf;prolonged;external;excessive;aerobic;active;daytime
"With the growing demand for these fine garden furnishings , they found it necessary to dedicate a portion of their business to outdoor living and patio furnishings .",outdoor,alfresco;open-air;outside,garden;patio;outdoors;RV;home;fine;outside;interior;furniture;backyard
"Due to China s economic reliance on trade , balance of payments should be the main factor for judging whether the yuan exchange rate is reasonable .",reasonable,fair;sensible;good;good;reliable,sustainable;stable;favourable;sensible;viable;competitive;high;...;neutral;dynamic
Copyright law already addressed the issue in a much more reasonable manner .,reasonable,sensible;measured;rational;well-judged;reliable,humane;modest;responsible;prudent;robust;appropriate;general;complicated;limited;reasoned
 What we require now is the co-operation from the Federal Government to provide a flow of mortgage money through CMHC at reasonable interest rates and to encourage the conventional loans to be channelled into smaller units so that we may have the opportunity of the best housing and building programme in Canada in 1971 .,reasonable,moderate;acceptable;inexpensive;fair;affordable,decent;nominal;acceptable;sensible;reasonably;satisfactory;ample;modest;realistic;sufficient
"For reasonable people , sure that ll suffice .",reasonable,sensible;rational;fair;equitable,rational;sensible;sane;common;asonable;reasonable;certain;every;many;decent
Your objective should be to negotiate a contract type and price ( or estimated fee and cost ) that will result in reasonable contractor risk and provide the contractor with the greatest incentive for efficient and economical contract performance .,reasonable,moderate;acceptable;fair;justifiable;manageable;appropriate,minimal;lower;reduced;minimum;realistic;acceptable;healthy;minimizing;responsible;best
"And if no exact  safe equilibrium can be introduced , it is more reasonable that a preponderating weight shd. be allowed to the greater interest than to the lesser .",reasonable,sensible;fair;just;acceptable;tolerable;appropriate,reasonable;probable;sensible;desirable;fitting;likely;plausible;important;humane;logical
"Besides overseeing the operation of PIPEDA and dealing with complaints , I can conduct audits into organizations  personal information-handling practices , if we have reasonable grounds .",reasonable,adequate;justifiable;credible;sufficient;acceptable;reliable,sufficient;good;legal;probable;satisfactory;adequate;medical;minimum;audit;decent
The matter of the further evidence may then be heard when the other party has had reasonable opportunity to prepare submissions on the matter .,reasonable,fair;adequate;sufficient;enough,sufficient;ample;adequate;proper;every;probable;good;another;equal;substantial
"This will allow state-licensed health-care providers to utilize safe , non-FDA approved , alternative therapies that have a reasonable expectation of therapeutic gain if the patient has been fully informed about the treatment .",reasonable,sufficient;fair;good;likely;acceptable;high,realistic;fair;plausible;high;reasonable;legitimate;clear;healthy;rational;good
"( 2 ) In a civil action under subsection ( a ) of this section , the court , in its discretion , may allow the prevailing party , other than the United States , a reasonable attorney s fee and costs .",reasonable,acceptable;inexpensive;sensible;fair;moderate,reasonable;substantial;substitute;lesser;reasonably;probable;unanimous;healthy;due;petition
But I think we can already see from this and other defenses coming from administration officials that the White House s line on this is filled with clear distortions and misstatements of fact -- most of which are easily identifiable by people who have even a rough understanding of the timing and issues involved .,rough,approximate;general;broad;vague;preliminary,rudimentary;passing;mild;superficial;minimal;limited;shaky;dim;slight;minor
On right there is a steep fall of 10ft. to rough grass between 4th and adjacent fairway .,rough,uncut;uneven;coarse;wild,the;bled;loose;high;soft;steep;outfield;green;field;bad
"The surface of the keyboard is a rough metal ( a wrought iron feel , if you will ) , and two black wooden braces support the frame on either side .",rough,unfinished;coarse;uneven;jagged,bare;wn;cast;black;round;forged;raw;scrap;polished;soft
A very rough way of gauging your so-called preferred weight is to use the Body Mass Index ( BMI ) .,rough,approximate;rudimentary;inexact,poor;simple;useful;crude;basic;good;accurate;effective;early;handy
"NOTE : For the aviation and MRF models , the lifted index field is not broadcast so the showalter index ( a rough equivalent ) is plotted instead .",rough,approximate;rudimentary;inexact,rough;scaled;ized;simplified;ed;raw;ided;ural;coarse;modern
"Rough estimates show that there are between 75,000 and 100,000 professional speakers in the U.S. alone and when you add trainers the number goes up into the millions .",Rough,approximate;simple;inexact,Current;Some;Official;Recent;Other;Early;Various;Conservative;The;official
"He was apparently given a rough ride by the interviewer , Cathal MacCoille .",rough,harsh;tough;demanding;hard;difficult;hard,wild;good;fair;hard;tough;round;bus;little;rocky;shaky
"Next , the piece went to the  smoother  , who went back over all the rough cuts with stone wheels called  craighleiths .",rough,rudimentary;basic;unfinished;crude;irregular;not,stone;high;round;bare;fair;paper;old;hard;tough;four
It was a very poor area and Stanway Street was very overcrowded and rough .,rough,violent;disorderly;unrefined;poor;raucous;uncivil;dangerous,.;uneven;inadequate;abandoned;wn;neglected;crowded;rocky;harsh;used
Col. Berry led again so it was a rough job .,rough,tough;rudimentary;unpleasant;imperfect;difficult,good;big;hard;easy;close;cake;dream;raw;Hard;swell
" While Washington s attention focuses on key congressional races and contests for governor , ballot measures have a direct impact on how U.S. society is run and often presage future national political debates .",run,govern;manage;organise;control,ran;governed;organized;built;shaped;conducted;divided;structured;run;regulated
No one becomes a teacher until after interning in a running school .,running,operate;sprint;working;training;functioning,training;private;vocational;primary;film;grammar;special;medical;boarding;good
It ran six to seven pages single spaced ; the calculation for determining how much the farmers would get paid alone ran several pages .,ran,cover;fill;extend;stretch;last;continue;total,run;took;runs;read;running;averaged;ook;ranged;wrote;edited
Chapters from this book by Paul Collins have run in McSweeney s Quarterly Concern .,run,appear;appear;be;be,published;iled;written;ated;reprinted;appeared;reported;wrote;ublished;Published
" DonÂt be afraid to bring in a professional negotiator , someone to run a meeting , anyone you need to work through the issues,Â Johnson advises .",run,chair;manage;organise;control,handle;take;conduct;manage;lead;monitor;running;administer;vet;make
Anyway here are some static pictures of the boat - it is driven by a brushless motor driving a prop - but when it s running you ca nt see it .,running,operate;go;function;work,operating;working;flying;sailing;driving;gone;active;happening;iding;functioning
"Last year , for example , we ran 2,659 elections in a median time of 40 days. And , 92.5 % of these elections were run within 56 days. This is quite a remarkable record and we are very proud of it .",ran,organise;manage;handle;complete,runs;logged;run;scored;conducted;implemented;scheduled;running;managed;recorded
This is an excellent and important discussion because it runs counter to most of the stock talk of the past generation .,runs,contradict;proceed;flow;go;go,works;ran;run;goes;stands;rings;pays;running;plays;leads
Rumor has it that Apple is just B4 offering a cheap ( $ 500 ) computer that runs the bullet-proof OS-X operating system .,runs,use;execute;operate;include,run;ran;running;lacks;packs;uses;runs;contains;installs;offers
 Why do you run from me ?,run,flee;scurry;avoid;rush;try,ran;hide;want;take;buy;hear;running;get;separate;know
